{"cameraMode":{"drawMode":0,"name":"Shaded","section":"Shading Mode"},"sceneLighting":false,"audioPlay":false,"sceneViewState":{"m_AlwaysRefresh":false,"showFog":true,"showSkybox":true,"showFlares":true,"showImageEffects":true,"showParticleSystems":true,"showVisualEffectGraphs":true,"m_FxEnabled":true},"in2DMode":false,"pivot":{"x":-4.650795936584473,"y":0.21008779108524323,"z":2.203969717025757},"rotation":{"x":0.06074326112866402,"y":-0.4791547954082489,"z":0.033261705189943317,"w":0.8749957084655762},"size":3.7557120323181154,"orthographic":false}